e_id,first_name,last_name,email ,address_id
1010,hemil ,soni ,hs@ss.net,1
1011,mit ,soni ,ms@ss.net,2
1012,umang,nayak ,un@ss.net,3
1013,tirth ,vyas,tv@ss.net,4
1014,kesar ,shah,ks@ss.net,5
1015,sanjay ,rajpurohit,sr@ss.net,6
1016,smit ,patel ,sp@ss.net,7
1017,aman ,talaviya ,at@ss.net,8
1018,priyank ,padhiyar,pp@ss.net,9
1019,hetvi ,shah,hs1@ss.net,10
1020,kshitij ,parikh,kp@ss.net,11
1022,riya,panchal ,rp@ss.net,13
1023,mann ,mahadeviya ,mm@ss.net,14
1024,shivam ,gor ,sg@ss.net,15
1025,devarsh,shah,ds@ss.net,16
